--
-- PostgreSQL database dump
--

-- Dumped from database version 14.13 (Homebrew)
-- Dumped by pg_dump version 14.13 (Homebrew)

SET statement_timeout = 0;
SET lock_timeout = 0;
SET idle_in_transaction_session_timeout = 0;
SET client_encoding = 'UTF8';
SET standard_conforming_strings = on;
SELECT pg_catalog.set_config('search_path', '', false);
SET check_function_bodies = false;
SET xmloption = content;
SET client_min_messages = warning;
SET row_security = off;

SET default_tablespace = '';

SET default_table_access_method = heap;

--
-- Name: auth_group; Type: TABLE; Schema: public; Owner: aruka
--

CREATE TABLE public.auth_group (
    id integer NOT NULL,
    name character varying(150) NOT NULL
);


ALTER TABLE public.auth_group OWNER TO aruka;

--
-- Name: auth_group_id_seq; Type: SEQUENCE; Schema: public; Owner: aruka
--

ALTER TABLE public.auth_group ALTER COLUMN id ADD GENERATED BY DEFAULT AS IDENTITY (
    SEQUENCE NAME public.auth_group_id_seq
    START WITH 1
    INCREMENT BY 1
    NO MINVALUE
    NO MAXVALUE
    CACHE 1
);


--
-- Name: auth_group_permissions; Type: TABLE; Schema: public; Owner: aruka
--

CREATE TABLE public.auth_group_permissions (
    id bigint NOT NULL,
    group_id integer NOT NULL,
    permission_id integer NOT NULL
);


ALTER TABLE public.auth_group_permissions OWNER TO aruka;

--
-- Name: auth_group_permissions_id_seq; Type: SEQUENCE; Schema: public; Owner: aruka
--

ALTER TABLE public.auth_group_permissions ALTER COLUMN id ADD GENERATED BY DEFAULT AS IDENTITY (
    SEQUENCE NAME public.auth_group_permissions_id_seq
    START WITH 1
    INCREMENT BY 1
    NO MINVALUE
    NO MAXVALUE
    CACHE 1
);


--
-- Name: auth_permission; Type: TABLE; Schema: public; Owner: aruka
--

CREATE TABLE public.auth_permission (
    id integer NOT NULL,
    name character varying(255) NOT NULL,
    content_type_id integer NOT NULL,
    codename character varying(100) NOT NULL
);


ALTER TABLE public.auth_permission OWNER TO aruka;

--
-- Name: auth_permission_id_seq; Type: SEQUENCE; Schema: public; Owner: aruka
--

ALTER TABLE public.auth_permission ALTER COLUMN id ADD GENERATED BY DEFAULT AS IDENTITY (
    SEQUENCE NAME public.auth_permission_id_seq
    START WITH 1
    INCREMENT BY 1
    NO MINVALUE
    NO MAXVALUE
    CACHE 1
);


--
-- Name: auth_user; Type: TABLE; Schema: public; Owner: aruka
--

CREATE TABLE public.auth_user (
    id integer NOT NULL,
    password character varying(128) NOT NULL,
    last_login timestamp with time zone,
    is_superuser boolean NOT NULL,
    username character varying(150) NOT NULL,
    first_name character varying(150) NOT NULL,
    last_name character varying(150) NOT NULL,
    email character varying(254) NOT NULL,
    is_staff boolean NOT NULL,
    is_active boolean NOT NULL,
    date_joined timestamp with time zone NOT NULL
);


ALTER TABLE public.auth_user OWNER TO aruka;

--
-- Name: auth_user_groups; Type: TABLE; Schema: public; Owner: aruka
--

CREATE TABLE public.auth_user_groups (
    id bigint NOT NULL,
    user_id integer NOT NULL,
    group_id integer NOT NULL
);


ALTER TABLE public.auth_user_groups OWNER TO aruka;

--
-- Name: auth_user_groups_id_seq; Type: SEQUENCE; Schema: public; Owner: aruka
--

ALTER TABLE public.auth_user_groups ALTER COLUMN id ADD GENERATED BY DEFAULT AS IDENTITY (
    SEQUENCE NAME public.auth_user_groups_id_seq
    START WITH 1
    INCREMENT BY 1
    NO MINVALUE
    NO MAXVALUE
    CACHE 1
);


--
-- Name: auth_user_id_seq; Type: SEQUENCE; Schema: public; Owner: aruka
--

ALTER TABLE public.auth_user ALTER COLUMN id ADD GENERATED BY DEFAULT AS IDENTITY (
    SEQUENCE NAME public.auth_user_id_seq
    START WITH 1
    INCREMENT BY 1
    NO MINVALUE
    NO MAXVALUE
    CACHE 1
);


--
-- Name: auth_user_user_permissions; Type: TABLE; Schema: public; Owner: aruka
--

CREATE TABLE public.auth_user_user_permissions (
    id bigint NOT NULL,
    user_id integer NOT NULL,
    permission_id integer NOT NULL
);


ALTER TABLE public.auth_user_user_permissions OWNER TO aruka;

--
-- Name: auth_user_user_permissions_id_seq; Type: SEQUENCE; Schema: public; Owner: aruka
--

ALTER TABLE public.auth_user_user_permissions ALTER COLUMN id ADD GENERATED BY DEFAULT AS IDENTITY (
    SEQUENCE NAME public.auth_user_user_permissions_id_seq
    START WITH 1
    INCREMENT BY 1
    NO MINVALUE
    NO MAXVALUE
    CACHE 1
);


--
-- Name: django_admin_log; Type: TABLE; Schema: public; Owner: aruka
--

CREATE TABLE public.django_admin_log (
    id integer NOT NULL,
    action_time timestamp with time zone NOT NULL,
    object_id text,
    object_repr character varying(200) NOT NULL,
    action_flag smallint NOT NULL,
    change_message text NOT NULL,
    content_type_id integer,
    user_id integer NOT NULL,
    CONSTRAINT django_admin_log_action_flag_check CHECK ((action_flag >= 0))
);


ALTER TABLE public.django_admin_log OWNER TO aruka;

--
-- Name: django_admin_log_id_seq; Type: SEQUENCE; Schema: public; Owner: aruka
--

ALTER TABLE public.django_admin_log ALTER COLUMN id ADD GENERATED BY DEFAULT AS IDENTITY (
    SEQUENCE NAME public.django_admin_log_id_seq
    START WITH 1
    INCREMENT BY 1
    NO MINVALUE
    NO MAXVALUE
    CACHE 1
);


--
-- Name: django_content_type; Type: TABLE; Schema: public; Owner: aruka
--

CREATE TABLE public.django_content_type (
    id integer NOT NULL,
    app_label character varying(100) NOT NULL,
    model character varying(100) NOT NULL
);


ALTER TABLE public.django_content_type OWNER TO aruka;

--
-- Name: django_content_type_id_seq; Type: SEQUENCE; Schema: public; Owner: aruka
--

ALTER TABLE public.django_content_type ALTER COLUMN id ADD GENERATED BY DEFAULT AS IDENTITY (
    SEQUENCE NAME public.django_content_type_id_seq
    START WITH 1
    INCREMENT BY 1
    NO MINVALUE
    NO MAXVALUE
    CACHE 1
);


--
-- Name: django_migrations; Type: TABLE; Schema: public; Owner: aruka
--

CREATE TABLE public.django_migrations (
    id bigint NOT NULL,
    app character varying(255) NOT NULL,
    name character varying(255) NOT NULL,
    applied timestamp with time zone NOT NULL
);


ALTER TABLE public.django_migrations OWNER TO aruka;

--
-- Name: django_migrations_id_seq; Type: SEQUENCE; Schema: public; Owner: aruka
--

ALTER TABLE public.django_migrations ALTER COLUMN id ADD GENERATED BY DEFAULT AS IDENTITY (
    SEQUENCE NAME public.django_migrations_id_seq
    START WITH 1
    INCREMENT BY 1
    NO MINVALUE
    NO MAXVALUE
    CACHE 1
);


--
-- Name: django_session; Type: TABLE; Schema: public; Owner: aruka
--

CREATE TABLE public.django_session (
    session_key character varying(40) NOT NULL,
    session_data text NOT NULL,
    expire_date timestamp with time zone NOT NULL
);


ALTER TABLE public.django_session OWNER TO aruka;

--
-- Name: predictions_city; Type: TABLE; Schema: public; Owner: aruka
--

CREATE TABLE public.predictions_city (
    id_city integer NOT NULL,
    city_name_en character varying(255) NOT NULL,
    city_name_ru character varying(255) NOT NULL,
    city_name_kk character varying(255) NOT NULL,
    population integer NOT NULL,
    area numeric(10,2) NOT NULL,
    latitude numeric(10,7) NOT NULL,
    longitude numeric(10,7) NOT NULL,
    id_region integer NOT NULL
);


ALTER TABLE public.predictions_city OWNER TO aruka;

--
-- Name: predictions_city_id_city_seq; Type: SEQUENCE; Schema: public; Owner: aruka
--

ALTER TABLE public.predictions_city ALTER COLUMN id_city ADD GENERATED BY DEFAULT AS IDENTITY (
    SEQUENCE NAME public.predictions_city_id_city_seq
    START WITH 1
    INCREMENT BY 1
    NO MINVALUE
    NO MAXVALUE
    CACHE 1
);


--
-- Name: predictions_district; Type: TABLE; Schema: public; Owner: aruka
--

CREATE TABLE public.predictions_district (
    id bigint NOT NULL,
    district_name_en character varying(255) NOT NULL,
    district_name_ru character varying(255) NOT NULL,
    district_name_kk character varying(255) NOT NULL,
    population integer NOT NULL,
    area numeric(10,2) NOT NULL,
    city_id integer NOT NULL
);


ALTER TABLE public.predictions_district OWNER TO aruka;

--
-- Name: predictions_district_id_seq; Type: SEQUENCE; Schema: public; Owner: aruka
--

ALTER TABLE public.predictions_district ALTER COLUMN id ADD GENERATED BY DEFAULT AS IDENTITY (
    SEQUENCE NAME public.predictions_district_id_seq
    START WITH 1
    INCREMENT BY 1
    NO MINVALUE
    NO MAXVALUE
    CACHE 1
);


--
-- Name: predictions_region; Type: TABLE; Schema: public; Owner: aruka
--

CREATE TABLE public.predictions_region (
    id_region integer NOT NULL,
    region_name_en character varying(255) NOT NULL,
    region_name_ru character varying(255) NOT NULL,
    region_name_kk character varying(255) NOT NULL,
    population integer NOT NULL,
    area numeric(10,2) NOT NULL,
    capital_name_en character varying(255) NOT NULL,
    capital_name_ru character varying(255) NOT NULL,
    capital_name_kk character varying(255) NOT NULL,
    latitude numeric(10,7) NOT NULL,
    longitude numeric(10,7) NOT NULL
);


ALTER TABLE public.predictions_region OWNER TO aruka;

--
-- Name: predictions_region_id_region_seq; Type: SEQUENCE; Schema: public; Owner: aruka
--

ALTER TABLE public.predictions_region ALTER COLUMN id_region ADD GENERATED BY DEFAULT AS IDENTITY (
    SEQUENCE NAME public.predictions_region_id_region_seq
    START WITH 1
    INCREMENT BY 1
    NO MINVALUE
    NO MAXVALUE
    CACHE 1
);


--
-- Name: predictions_userprofile; Type: TABLE; Schema: public; Owner: aruka
--

CREATE TABLE public.predictions_userprofile (
    id bigint NOT NULL,
    gender character varying(1) NOT NULL,
    age integer NOT NULL,
    email character varying(254),
    city_id integer,
    user_id integer NOT NULL,
    CONSTRAINT predictions_userprofile_age_check CHECK ((age >= 0))
);


ALTER TABLE public.predictions_userprofile OWNER TO aruka;

--
-- Name: predictions_userprofile_id_seq; Type: SEQUENCE; Schema: public; Owner: aruka
--

ALTER TABLE public.predictions_userprofile ALTER COLUMN id ADD GENERATED BY DEFAULT AS IDENTITY (
    SEQUENCE NAME public.predictions_userprofile_id_seq
    START WITH 1
    INCREMENT BY 1
    NO MINVALUE
    NO MAXVALUE
    CACHE 1
);


--
-- Data for Name: auth_group; Type: TABLE DATA; Schema: public; Owner: aruka
--

COPY public.auth_group (id, name) FROM stdin;
\.


--
-- Data for Name: auth_group_permissions; Type: TABLE DATA; Schema: public; Owner: aruka
--

COPY public.auth_group_permissions (id, group_id, permission_id) FROM stdin;
\.


--
-- Data for Name: auth_permission; Type: TABLE DATA; Schema: public; Owner: aruka
--

COPY public.auth_permission (id, name, content_type_id, codename) FROM stdin;
1	Can add City	1	add_city
2	Can change City	1	change_city
3	Can delete City	1	delete_city
4	Can view City	1	view_city
5	Can add Region	2	add_region
6	Can change Region	2	change_region
7	Can delete Region	2	delete_region
8	Can view Region	2	view_region
9	Can add User Profile	3	add_userprofile
10	Can change User Profile	3	change_userprofile
11	Can delete User Profile	3	delete_userprofile
12	Can view User Profile	3	view_userprofile
13	Can add District	4	add_district
14	Can change District	4	change_district
15	Can delete District	4	delete_district
16	Can view District	4	view_district
17	Can add log entry	5	add_logentry
18	Can change log entry	5	change_logentry
19	Can delete log entry	5	delete_logentry
20	Can view log entry	5	view_logentry
21	Can add permission	6	add_permission
22	Can change permission	6	change_permission
23	Can delete permission	6	delete_permission
24	Can view permission	6	view_permission
25	Can add group	7	add_group
26	Can change group	7	change_group
27	Can delete group	7	delete_group
28	Can view group	7	view_group
29	Can add user	8	add_user
30	Can change user	8	change_user
31	Can delete user	8	delete_user
32	Can view user	8	view_user
33	Can add content type	9	add_contenttype
34	Can change content type	9	change_contenttype
35	Can delete content type	9	delete_contenttype
36	Can view content type	9	view_contenttype
37	Can add session	10	add_session
38	Can change session	10	change_session
39	Can delete session	10	delete_session
40	Can view session	10	view_session
\.


--
-- Data for Name: auth_user; Type: TABLE DATA; Schema: public; Owner: aruka
--

COPY public.auth_user (id, password, last_login, is_superuser, username, first_name, last_name, email, is_staff, is_active, date_joined) FROM stdin;
1	pbkdf2_sha256$600000$RYd3ZV2g72PbqMl3FIm10N$i26ADgmTfFJLFoHHwZHFKhg2KnTZzRO1eKOCqRM9wOE=	2024-10-12 15:05:33.93726+05	t	admin			arukalarkins@icloud.com	t	t	2024-10-12 15:05:30.413658+05
12	pbkdf2_sha256$600000$fiam55ec0n4zSe8vDyYDWI$0aLB9216Tn/gEc9inpMHpl+obLHNAHgS60LvMymybKA=	\N	f	aruka	Aru	Larks	arukalarkind@icloud.com	f	t	2024-10-12 18:34:49.323565+05
13	pbkdf2_sha256$600000$O1ww7JKeqc8BVLUcZksSJo$r77lp0Zp9Wabl0sjVs6/x6mplqQt4ZGyFZschje/8BU=	\N	f	aa	w	w	aa@icl.com	f	t	2024-10-12 18:35:59.003166+05
14	pbkdf2_sha256$600000$EUjnNLmZf1eEIN3AMkChfl$h0Qbtoctv4+CslsG9ng5qeT2yqI78ArG/tfP7MBglAc=	\N	f	aaww	w	w	aa@icl.com	f	t	2024-10-12 18:36:10.633626+05
15	pbkdf2_sha256$600000$YPr3dmoJeu2HnFIqiE9Wcl$5V0yzSpmvyLtQX2sA2zCCb/9xENC6Uya9bmwKNvRQEE=	\N	f	aru	Aru	Larks	aru@icloud.com	f	t	2024-10-12 18:37:39.512278+05
\.


--
-- Data for Name: auth_user_groups; Type: TABLE DATA; Schema: public; Owner: aruka
--

COPY public.auth_user_groups (id, user_id, group_id) FROM stdin;
\.


--
-- Data for Name: auth_user_user_permissions; Type: TABLE DATA; Schema: public; Owner: aruka
--

COPY public.auth_user_user_permissions (id, user_id, permission_id) FROM stdin;
\.


--
-- Data for Name: django_admin_log; Type: TABLE DATA; Schema: public; Owner: aruka
--

COPY public.django_admin_log (id, action_time, object_id, object_repr, action_flag, change_message, content_type_id, user_id) FROM stdin;
1	2024-10-12 15:06:06.438178+05	1	admin - Almaty	1	[{"added": {}}]	3	1
2	2024-10-12 18:28:44.403449+05	6	djdnc - Almaty	3		3	1
3	2024-10-12 18:28:44.41221+05	5	arukaуцууууaaaa - Almaty	3		3	1
4	2024-10-12 18:28:44.413601+05	4	arkaaaaa - Almaty	3		3	1
5	2024-10-12 18:28:44.41452+05	3	arukaaaaa - Almaty	3		3	1
6	2024-10-12 18:28:44.415255+05	2	arukaaaaaaaawwwwwwwjaa - Almaty	3		3	1
7	2024-10-12 18:29:16.798132+05	7	S-OLzf._2JDZDSvG6pVdb	3		8	1
8	2024-10-12 18:29:16.800626+05	8	S-O_2JDZDSvG6pVdb	3		8	1
9	2024-10-12 18:29:16.801977+05	5	arkaaaaa	3		8	1
10	2024-10-12 18:29:16.802842+05	4	arukaaaaa	3		8	1
11	2024-10-12 18:29:16.803522+05	2	arukaaaaaaaaaaa	3		8	1
12	2024-10-12 18:29:16.804142+05	3	arukaaaaaaaawwwwwwwjaa	3		8	1
13	2024-10-12 18:29:16.804721+05	6	arukaуцууууaaaa	3		8	1
14	2024-10-12 18:29:16.80523+05	10	djdnc	3		8	1
15	2024-10-12 18:29:16.80572+05	11	djdndc	3		8	1
16	2024-10-12 18:29:16.806252+05	9	dnjdnd@zO	3		8	1
\.


--
-- Data for Name: django_content_type; Type: TABLE DATA; Schema: public; Owner: aruka
--

COPY public.django_content_type (id, app_label, model) FROM stdin;
1	predictions	city
2	predictions	region
3	predictions	userprofile
4	predictions	district
5	admin	logentry
6	auth	permission
7	auth	group
8	auth	user
9	contenttypes	contenttype
10	sessions	session
\.


--
-- Data for Name: django_migrations; Type: TABLE DATA; Schema: public; Owner: aruka
--

COPY public.django_migrations (id, app, name, applied) FROM stdin;
1	contenttypes	0001_initial	2024-10-12 15:03:24.126791+05
2	auth	0001_initial	2024-10-12 15:03:24.202139+05
3	admin	0001_initial	2024-10-12 15:03:24.227686+05
4	admin	0002_logentry_remove_auto_add	2024-10-12 15:03:24.231761+05
5	admin	0003_logentry_add_action_flag_choices	2024-10-12 15:03:24.2358+05
6	contenttypes	0002_remove_content_type_name	2024-10-12 15:03:24.242612+05
7	auth	0002_alter_permission_name_max_length	2024-10-12 15:03:24.246903+05
8	auth	0003_alter_user_email_max_length	2024-10-12 15:03:24.252554+05
9	auth	0004_alter_user_username_opts	2024-10-12 15:03:24.257116+05
10	auth	0005_alter_user_last_login_null	2024-10-12 15:03:24.260725+05
11	auth	0006_require_contenttypes_0002	2024-10-12 15:03:24.26224+05
12	auth	0007_alter_validators_add_error_messages	2024-10-12 15:03:24.265656+05
13	auth	0008_alter_user_username_max_length	2024-10-12 15:03:24.273081+05
14	auth	0009_alter_user_last_name_max_length	2024-10-12 15:03:24.276901+05
15	auth	0010_alter_group_name_max_length	2024-10-12 15:03:24.282014+05
16	auth	0011_update_proxy_permissions	2024-10-12 15:03:24.285939+05
17	auth	0012_alter_user_first_name_max_length	2024-10-12 15:03:24.289776+05
18	predictions	0001_initial	2024-10-12 15:03:24.32539+05
19	sessions	0001_initial	2024-10-12 15:03:24.332109+05
\.


--
-- Data for Name: django_session; Type: TABLE DATA; Schema: public; Owner: aruka
--

COPY public.django_session (session_key, session_data, expire_date) FROM stdin;
0852so9ngki31g0tptpt49dd2hxfzp1o	.eJxVjEEOwiAQRe_C2hCoMIBL9z0DGZipVA0kpV0Z765NutDtf-_9l4i4rSVunZc4k7gILU6_W8L84LoDumO9NZlbXZc5yV2RB-1ybMTP6-H-HRTs5VtbojA4cORUUj7A5D04GzBPij2eUWtjgJmCy5DI4mC1BcXZ2xQMoRfvD9aEN8E:1szZ09:wJM_q5CfsRE4BwiRDH-A6raiup7_Fao0IKje6TqmgQE	2024-10-26 15:05:33.939506+05
\.


--
-- Data for Name: predictions_city; Type: TABLE DATA; Schema: public; Owner: aruka
--

COPY public.predictions_city (id_city, city_name_en, city_name_ru, city_name_kk, population, area, latitude, longitude, id_region) FROM stdin;
1	Kokshetau	Кокшетау	Көкшетау	146104	234.00	53.2796000	69.3786000	1
2	Taldykorgan	Талдыкорган	Талдықорған	143000	78.00	45.0150000	78.3732000	2
3	Aktobe	Актобе	Ақтөбе	500757	400.00	50.2839000	57.1660000	3
4	Atyrau	Атырау	Атырау	290000	134.00	47.1161000	51.8833000	4
5	Ust-Kamenogorsk	Усть-Каменогорск	Өскемен	319000	545.00	49.9560000	82.6119000	5
6	Taraz	Тараз	Тараз	358153	105.00	42.9000000	71.3667000	6
7	Karaganda	Караганда	Қарағанды	497777	497.00	49.8066000	73.0851000	7
8	Kostanay	Костанай	Қостанай	217421	240.00	53.2141000	63.6246000	8
9	Kyzylorda	Кызылорда	Қызылорда	215900	240.00	44.8526000	65.5097000	9
10	Aktau	Актау	Ақтау	183350	141.00	43.6411000	51.1985000	10
11	Pavlodar	Павлодар	Павлодар	331710	138.00	52.3000000	76.9500000	11
12	Petropavl	Петропавловск	Петропавл	201446	221.00	54.8728000	69.1470000	12
13	Turkistan	Туркестан	Түркістан	175000	245.00	43.3016000	68.2538000	13
14	Oral	Уральск	Орал	271900	162.00	51.2333000	51.3667000	14
15	Shymkent	Шымкент	Шымкент	1036200	347.00	42.3400000	69.6000000	15
16	Nur-Sultan	Нур-Султан	Нұр-Сұлтан	1200000	710.20	51.1694000	71.4491000	16
17	Almaty	Алматы	Алматы	1845000	682.00	43.2565000	76.9286000	17
\.


--
-- Data for Name: predictions_district; Type: TABLE DATA; Schema: public; Owner: aruka
--

COPY public.predictions_district (id, district_name_en, district_name_ru, district_name_kk, population, area, city_id) FROM stdin;
\.


--
-- Data for Name: predictions_region; Type: TABLE DATA; Schema: public; Owner: aruka
--

COPY public.predictions_region (id_region, region_name_en, region_name_ru, region_name_kk, population, area, capital_name_en, capital_name_ru, capital_name_kk, latitude, longitude) FROM stdin;
1	Akmola Region	Акмолинская область	Ақмола облысы	738000	146219.00	Kokshetau	Кокшетау	Көкшетау	53.2796000	69.3786000
2	Almaty Region	Алматинская область	Алматы облысы	2035872	223924.00	Taldykorgan	Талдыкорган	Талдықорған	45.0150000	78.3732000
3	Aktobe Region	Актюбинская область	Ақтөбе облысы	869400	300629.00	Aktobe	Актобе	Ақтөбе	50.2839000	57.1660000
4	Atyrau Region	Атырауская область	Атырау облысы	659000	118631.00	Atyrau	Атырау	Атырау	47.1161000	51.8833000
5	East Kazakhstan Region	Восточно-Казахстанская область	Шығыс Қазақстан облысы	1388144	283226.00	Ust-Kamenogorsk	Усть-Каменогорск	Өскемен	49.9560000	82.6119000
6	Jambyl Region	Жамбылская область	Жамбыл облысы	1141369	144264.00	Taraz	Тараз	Тараз	42.9000000	71.3667000
7	Karaganda Region	Карагандинская область	Қарағанды облысы	1386346	427982.00	Karaganda	Караганда	Қарағанды	49.8066000	73.0851000
8	Kostanay Region	Костанайская область	Қостанай облысы	882000	196001.00	Kostanay	Костанай	Қостанай	53.2141000	63.6246000
9	Kyzylorda Region	Кызылординская область	Қызылорда облысы	800000	226019.00	Kyzylorda	Кызылорда	Қызылорда	44.8526000	65.5097000
10	Mangystau Region	Мангистауская область	Маңғыстау облысы	674963	165600.00	Aktau	Актау	Ақтау	43.6411000	51.1985000
11	Pavlodar Region	Павлодарская область	Павлодар облысы	754500	124800.00	Pavlodar	Павлодар	Павлодар	52.3000000	76.9500000
12	North Kazakhstan Region	Северо-Казахстанская область	Солтүстік Қазақстан облысы	548300	98000.00	Petropavl	Петропавловск	Петропавл	54.8728000	69.1470000
13	Turkistan Region	Туркестанская область	Түркістан облысы	2030000	117300.00	Turkistan	Туркестан	Түркістан	43.3016000	68.2538000
14	West Kazakhstan Region	Западно-Казахстанская область	Батыс Қазақстан облысы	656844	151339.00	Oral	Уральск	Орал	51.2333000	51.3667000
15	Shymkent	Шымкент	Шымкент	1036200	117300.00	Shymkent	Шымкент	Шымкент	42.3400000	69.6000000
16	Nur-Sultan	Нур-Султан	Нұр-Сұлтан	1200000	710.20	Nur-Sultan	Нур-Султан	Нұр-Сұлтан	51.1694000	71.4491000
17	Almaty	Алматы	Алматы	1845000	682.00	Almaty	Алматы	Алматы	43.2565000	76.9286000
\.


--
-- Data for Name: predictions_userprofile; Type: TABLE DATA; Schema: public; Owner: aruka
--

COPY public.predictions_userprofile (id, gender, age, email, city_id, user_id) FROM stdin;
1	F	20	arukalarkins@icloud.com	17	1
8	M	11	arukalarkind@icloud.com	17	12
9	M	1	aa@icl.com	17	14
10	M	222	aru@icloud.com	17	15
\.


--
-- Name: auth_group_id_seq; Type: SEQUENCE SET; Schema: public; Owner: aruka
--

SELECT pg_catalog.setval('public.auth_group_id_seq', 1, false);


--
-- Name: auth_group_permissions_id_seq; Type: SEQUENCE SET; Schema: public; Owner: aruka
--

SELECT pg_catalog.setval('public.auth_group_permissions_id_seq', 1, false);


--
-- Name: auth_permission_id_seq; Type: SEQUENCE SET; Schema: public; Owner: aruka
--

SELECT pg_catalog.setval('public.auth_permission_id_seq', 40, true);


--
-- Name: auth_user_groups_id_seq; Type: SEQUENCE SET; Schema: public; Owner: aruka
--

SELECT pg_catalog.setval('public.auth_user_groups_id_seq', 1, false);


--
-- Name: auth_user_id_seq; Type: SEQUENCE SET; Schema: public; Owner: aruka
--

SELECT pg_catalog.setval('public.auth_user_id_seq', 15, true);


--
-- Name: auth_user_user_permissions_id_seq; Type: SEQUENCE SET; Schema: public; Owner: aruka
--

SELECT pg_catalog.setval('public.auth_user_user_permissions_id_seq', 1, false);


--
-- Name: django_admin_log_id_seq; Type: SEQUENCE SET; Schema: public; Owner: aruka
--

SELECT pg_catalog.setval('public.django_admin_log_id_seq', 16, true);


--
-- Name: django_content_type_id_seq; Type: SEQUENCE SET; Schema: public; Owner: aruka
--

SELECT pg_catalog.setval('public.django_content_type_id_seq', 10, true);


--
-- Name: django_migrations_id_seq; Type: SEQUENCE SET; Schema: public; Owner: aruka
--

SELECT pg_catalog.setval('public.django_migrations_id_seq', 19, true);


--
-- Name: predictions_city_id_city_seq; Type: SEQUENCE SET; Schema: public; Owner: aruka
--

SELECT pg_catalog.setval('public.predictions_city_id_city_seq', 1, false);


--
-- Name: predictions_district_id_seq; Type: SEQUENCE SET; Schema: public; Owner: aruka
--

SELECT pg_catalog.setval('public.predictions_district_id_seq', 1, false);


--
-- Name: predictions_region_id_region_seq; Type: SEQUENCE SET; Schema: public; Owner: aruka
--

SELECT pg_catalog.setval('public.predictions_region_id_region_seq', 1, false);


--
-- Name: predictions_userprofile_id_seq; Type: SEQUENCE SET; Schema: public; Owner: aruka
--

SELECT pg_catalog.setval('public.predictions_userprofile_id_seq', 10, true);


--
-- Name: auth_group auth_group_name_key; Type: CONSTRAINT; Schema: public; Owner: aruka
--

ALTER TABLE ONLY public.auth_group
    ADD CONSTRAINT auth_group_name_key UNIQUE (name);


--
-- Name: auth_group_permissions auth_group_permissions_group_id_permission_id_0cd325b0_uniq; Type: CONSTRAINT; Schema: public; Owner: aruka
--

ALTER TABLE ONLY public.auth_group_permissions
    ADD CONSTRAINT auth_group_permissions_group_id_permission_id_0cd325b0_uniq UNIQUE (group_id, permission_id);


--
-- Name: auth_group_permissions auth_group_permissions_pkey; Type: CONSTRAINT; Schema: public; Owner: aruka
--

ALTER TABLE ONLY public.auth_group_permissions
    ADD CONSTRAINT auth_group_permissions_pkey PRIMARY KEY (id);


--
-- Name: auth_group auth_group_pkey; Type: CONSTRAINT; Schema: public; Owner: aruka
--

ALTER TABLE ONLY public.auth_group
    ADD CONSTRAINT auth_group_pkey PRIMARY KEY (id);


--
-- Name: auth_permission auth_permission_content_type_id_codename_01ab375a_uniq; Type: CONSTRAINT; Schema: public; Owner: aruka
--

ALTER TABLE ONLY public.auth_permission
    ADD CONSTRAINT auth_permission_content_type_id_codename_01ab375a_uniq UNIQUE (content_type_id, codename);


--
-- Name: auth_permission auth_permission_pkey; Type: CONSTRAINT; Schema: public; Owner: aruka
--

ALTER TABLE ONLY public.auth_permission
    ADD CONSTRAINT auth_permission_pkey PRIMARY KEY (id);


--
-- Name: auth_user_groups auth_user_groups_pkey; Type: CONSTRAINT; Schema: public; Owner: aruka
--

ALTER TABLE ONLY public.auth_user_groups
    ADD CONSTRAINT auth_user_groups_pkey PRIMARY KEY (id);


--
-- Name: auth_user_groups auth_user_groups_user_id_group_id_94350c0c_uniq; Type: CONSTRAINT; Schema: public; Owner: aruka
--

ALTER TABLE ONLY public.auth_user_groups
    ADD CONSTRAINT auth_user_groups_user_id_group_id_94350c0c_uniq UNIQUE (user_id, group_id);


--
-- Name: auth_user auth_user_pkey; Type: CONSTRAINT; Schema: public; Owner: aruka
--

ALTER TABLE ONLY public.auth_user
    ADD CONSTRAINT auth_user_pkey PRIMARY KEY (id);


--
-- Name: auth_user_user_permissions auth_user_user_permissions_pkey; Type: CONSTRAINT; Schema: public; Owner: aruka
--

ALTER TABLE ONLY public.auth_user_user_permissions
    ADD CONSTRAINT auth_user_user_permissions_pkey PRIMARY KEY (id);


--
-- Name: auth_user_user_permissions auth_user_user_permissions_user_id_permission_id_14a6b632_uniq; Type: CONSTRAINT; Schema: public; Owner: aruka
--

ALTER TABLE ONLY public.auth_user_user_permissions
    ADD CONSTRAINT auth_user_user_permissions_user_id_permission_id_14a6b632_uniq UNIQUE (user_id, permission_id);


--
-- Name: auth_user auth_user_username_key; Type: CONSTRAINT; Schema: public; Owner: aruka
--

ALTER TABLE ONLY public.auth_user
    ADD CONSTRAINT auth_user_username_key UNIQUE (username);


--
-- Name: django_admin_log django_admin_log_pkey; Type: CONSTRAINT; Schema: public; Owner: aruka
--

ALTER TABLE ONLY public.django_admin_log
    ADD CONSTRAINT django_admin_log_pkey PRIMARY KEY (id);


--
-- Name: django_content_type django_content_type_app_label_model_76bd3d3b_uniq; Type: CONSTRAINT; Schema: public; Owner: aruka
--

ALTER TABLE ONLY public.django_content_type
    ADD CONSTRAINT django_content_type_app_label_model_76bd3d3b_uniq UNIQUE (app_label, model);


--
-- Name: django_content_type django_content_type_pkey; Type: CONSTRAINT; Schema: public; Owner: aruka
--

ALTER TABLE ONLY public.django_content_type
    ADD CONSTRAINT django_content_type_pkey PRIMARY KEY (id);


--
-- Name: django_migrations django_migrations_pkey; Type: CONSTRAINT; Schema: public; Owner: aruka
--

ALTER TABLE ONLY public.django_migrations
    ADD CONSTRAINT django_migrations_pkey PRIMARY KEY (id);


--
-- Name: django_session django_session_pkey; Type: CONSTRAINT; Schema: public; Owner: aruka
--

ALTER TABLE ONLY public.django_session
    ADD CONSTRAINT django_session_pkey PRIMARY KEY (session_key);


--
-- Name: predictions_city predictions_city_pkey; Type: CONSTRAINT; Schema: public; Owner: aruka
--

ALTER TABLE ONLY public.predictions_city
    ADD CONSTRAINT predictions_city_pkey PRIMARY KEY (id_city);


--
-- Name: predictions_district predictions_district_pkey; Type: CONSTRAINT; Schema: public; Owner: aruka
--

ALTER TABLE ONLY public.predictions_district
    ADD CONSTRAINT predictions_district_pkey PRIMARY KEY (id);


--
-- Name: predictions_region predictions_region_pkey; Type: CONSTRAINT; Schema: public; Owner: aruka
--

ALTER TABLE ONLY public.predictions_region
    ADD CONSTRAINT predictions_region_pkey PRIMARY KEY (id_region);


--
-- Name: predictions_userprofile predictions_userprofile_pkey; Type: CONSTRAINT; Schema: public; Owner: aruka
--

ALTER TABLE ONLY public.predictions_userprofile
    ADD CONSTRAINT predictions_userprofile_pkey PRIMARY KEY (id);


--
-- Name: predictions_userprofile predictions_userprofile_user_id_key; Type: CONSTRAINT; Schema: public; Owner: aruka
--

ALTER TABLE ONLY public.predictions_userprofile
    ADD CONSTRAINT predictions_userprofile_user_id_key UNIQUE (user_id);


--
-- Name: auth_group_name_a6ea08ec_like; Type: INDEX; Schema: public; Owner: aruka
--

CREATE INDEX auth_group_name_a6ea08ec_like ON public.auth_group USING btree (name varchar_pattern_ops);


--
-- Name: auth_group_permissions_group_id_b120cbf9; Type: INDEX; Schema: public; Owner: aruka
--

CREATE INDEX auth_group_permissions_group_id_b120cbf9 ON public.auth_group_permissions USING btree (group_id);


--
-- Name: auth_group_permissions_permission_id_84c5c92e; Type: INDEX; Schema: public; Owner: aruka
--

CREATE INDEX auth_group_permissions_permission_id_84c5c92e ON public.auth_group_permissions USING btree (permission_id);


--
-- Name: auth_permission_content_type_id_2f476e4b; Type: INDEX; Schema: public; Owner: aruka
--

CREATE INDEX auth_permission_content_type_id_2f476e4b ON public.auth_permission USING btree (content_type_id);


--
-- Name: auth_user_groups_group_id_97559544; Type: INDEX; Schema: public; Owner: aruka
--

CREATE INDEX auth_user_groups_group_id_97559544 ON public.auth_user_groups USING btree (group_id);


--
-- Name: auth_user_groups_user_id_6a12ed8b; Type: INDEX; Schema: public; Owner: aruka
--

CREATE INDEX auth_user_groups_user_id_6a12ed8b ON public.auth_user_groups USING btree (user_id);


--
-- Name: auth_user_user_permissions_permission_id_1fbb5f2c; Type: INDEX; Schema: public; Owner: aruka
--

CREATE INDEX auth_user_user_permissions_permission_id_1fbb5f2c ON public.auth_user_user_permissions USING btree (permission_id);


--
-- Name: auth_user_user_permissions_user_id_a95ead1b; Type: INDEX; Schema: public; Owner: aruka
--

CREATE INDEX auth_user_user_permissions_user_id_a95ead1b ON public.auth_user_user_permissions USING btree (user_id);


--
-- Name: auth_user_username_6821ab7c_like; Type: INDEX; Schema: public; Owner: aruka
--

CREATE INDEX auth_user_username_6821ab7c_like ON public.auth_user USING btree (username varchar_pattern_ops);


--
-- Name: django_admin_log_content_type_id_c4bce8eb; Type: INDEX; Schema: public; Owner: aruka
--

CREATE INDEX django_admin_log_content_type_id_c4bce8eb ON public.django_admin_log USING btree (content_type_id);


--
-- Name: django_admin_log_user_id_c564eba6; Type: INDEX; Schema: public; Owner: aruka
--

CREATE INDEX django_admin_log_user_id_c564eba6 ON public.django_admin_log USING btree (user_id);


--
-- Name: django_session_expire_date_a5c62663; Type: INDEX; Schema: public; Owner: aruka
--

CREATE INDEX django_session_expire_date_a5c62663 ON public.django_session USING btree (expire_date);


--
-- Name: django_session_session_key_c0390e0f_like; Type: INDEX; Schema: public; Owner: aruka
--

CREATE INDEX django_session_session_key_c0390e0f_like ON public.django_session USING btree (session_key varchar_pattern_ops);


--
-- Name: predictions_city_id_region_4c6f6ac0; Type: INDEX; Schema: public; Owner: aruka
--

CREATE INDEX predictions_city_id_region_4c6f6ac0 ON public.predictions_city USING btree (id_region);


--
-- Name: predictions_district_city_id_d7e831e2; Type: INDEX; Schema: public; Owner: aruka
--

CREATE INDEX predictions_district_city_id_d7e831e2 ON public.predictions_district USING btree (city_id);


--
-- Name: predictions_userprofile_city_id_66f2ad5a; Type: INDEX; Schema: public; Owner: aruka
--

CREATE INDEX predictions_userprofile_city_id_66f2ad5a ON public.predictions_userprofile USING btree (city_id);


--
-- Name: auth_group_permissions auth_group_permissio_permission_id_84c5c92e_fk_auth_perm; Type: FK CONSTRAINT; Schema: public; Owner: aruka
--

ALTER TABLE ONLY public.auth_group_permissions
    ADD CONSTRAINT auth_group_permissio_permission_id_84c5c92e_fk_auth_perm FOREIGN KEY (permission_id) REFERENCES public.auth_permission(id) DEFERRABLE INITIALLY DEFERRED;


--
-- Name: auth_group_permissions auth_group_permissions_group_id_b120cbf9_fk_auth_group_id; Type: FK CONSTRAINT; Schema: public; Owner: aruka
--

ALTER TABLE ONLY public.auth_group_permissions
    ADD CONSTRAINT auth_group_permissions_group_id_b120cbf9_fk_auth_group_id FOREIGN KEY (group_id) REFERENCES public.auth_group(id) DEFERRABLE INITIALLY DEFERRED;


--
-- Name: auth_permission auth_permission_content_type_id_2f476e4b_fk_django_co; Type: FK CONSTRAINT; Schema: public; Owner: aruka
--

ALTER TABLE ONLY public.auth_permission
    ADD CONSTRAINT auth_permission_content_type_id_2f476e4b_fk_django_co FOREIGN KEY (content_type_id) REFERENCES public.django_content_type(id) DEFERRABLE INITIALLY DEFERRED;


--
-- Name: auth_user_groups auth_user_groups_group_id_97559544_fk_auth_group_id; Type: FK CONSTRAINT; Schema: public; Owner: aruka
--

ALTER TABLE ONLY public.auth_user_groups
    ADD CONSTRAINT auth_user_groups_group_id_97559544_fk_auth_group_id FOREIGN KEY (group_id) REFERENCES public.auth_group(id) DEFERRABLE INITIALLY DEFERRED;


--
-- Name: auth_user_groups auth_user_groups_user_id_6a12ed8b_fk_auth_user_id; Type: FK CONSTRAINT; Schema: public; Owner: aruka
--

ALTER TABLE ONLY public.auth_user_groups
    ADD CONSTRAINT auth_user_groups_user_id_6a12ed8b_fk_auth_user_id FOREIGN KEY (user_id) REFERENCES public.auth_user(id) DEFERRABLE INITIALLY DEFERRED;


--
-- Name: auth_user_user_permissions auth_user_user_permi_permission_id_1fbb5f2c_fk_auth_perm; Type: FK CONSTRAINT; Schema: public; Owner: aruka
--

ALTER TABLE ONLY public.auth_user_user_permissions
    ADD CONSTRAINT auth_user_user_permi_permission_id_1fbb5f2c_fk_auth_perm FOREIGN KEY (permission_id) REFERENCES public.auth_permission(id) DEFERRABLE INITIALLY DEFERRED;


--
-- Name: auth_user_user_permissions auth_user_user_permissions_user_id_a95ead1b_fk_auth_user_id; Type: FK CONSTRAINT; Schema: public; Owner: aruka
--

ALTER TABLE ONLY public.auth_user_user_permissions
    ADD CONSTRAINT auth_user_user_permissions_user_id_a95ead1b_fk_auth_user_id FOREIGN KEY (user_id) REFERENCES public.auth_user(id) DEFERRABLE INITIALLY DEFERRED;


--
-- Name: django_admin_log django_admin_log_content_type_id_c4bce8eb_fk_django_co; Type: FK CONSTRAINT; Schema: public; Owner: aruka
--

ALTER TABLE ONLY public.django_admin_log
    ADD CONSTRAINT django_admin_log_content_type_id_c4bce8eb_fk_django_co FOREIGN KEY (content_type_id) REFERENCES public.django_content_type(id) DEFERRABLE INITIALLY DEFERRED;


--
-- Name: django_admin_log django_admin_log_user_id_c564eba6_fk_auth_user_id; Type: FK CONSTRAINT; Schema: public; Owner: aruka
--

ALTER TABLE ONLY public.django_admin_log
    ADD CONSTRAINT django_admin_log_user_id_c564eba6_fk_auth_user_id FOREIGN KEY (user_id) REFERENCES public.auth_user(id) DEFERRABLE INITIALLY DEFERRED;


--
-- Name: predictions_city predictions_city_id_region_4c6f6ac0_fk_predictio; Type: FK CONSTRAINT; Schema: public; Owner: aruka
--

ALTER TABLE ONLY public.predictions_city
    ADD CONSTRAINT predictions_city_id_region_4c6f6ac0_fk_predictio FOREIGN KEY (id_region) REFERENCES public.predictions_region(id_region) DEFERRABLE INITIALLY DEFERRED;


--
-- Name: predictions_district predictions_district_city_id_d7e831e2_fk_predictio; Type: FK CONSTRAINT; Schema: public; Owner: aruka
--

ALTER TABLE ONLY public.predictions_district
    ADD CONSTRAINT predictions_district_city_id_d7e831e2_fk_predictio FOREIGN KEY (city_id) REFERENCES public.predictions_city(id_city) DEFERRABLE INITIALLY DEFERRED;


--
-- Name: predictions_userprofile predictions_userprof_city_id_66f2ad5a_fk_predictio; Type: FK CONSTRAINT; Schema: public; Owner: aruka
--

ALTER TABLE ONLY public.predictions_userprofile
    ADD CONSTRAINT predictions_userprof_city_id_66f2ad5a_fk_predictio FOREIGN KEY (city_id) REFERENCES public.predictions_city(id_city) DEFERRABLE INITIALLY DEFERRED;


--
-- Name: predictions_userprofile predictions_userprofile_user_id_6759c9a2_fk_auth_user_id; Type: FK CONSTRAINT; Schema: public; Owner: aruka
--

ALTER TABLE ONLY public.predictions_userprofile
    ADD CONSTRAINT predictions_userprofile_user_id_6759c9a2_fk_auth_user_id FOREIGN KEY (user_id) REFERENCES public.auth_user(id) DEFERRABLE INITIALLY DEFERRED;


--
-- PostgreSQL database dump complete
--
